country,link,pageSize
Ireland,Ireland.htm,269528
United Kingdom,UK-train-travel.htm,129427
Albania,Albania.htm,101403
Austria,Austria.htm,309683
Belgium,Belgium.htm,129017
Belarus,Russia.htm#London to Minsk,11386
Bosnia and Herz.,Bosnia.htm,61296
Bulgaria,Bulgaria.htm,142891
Croatia,Croatia.htm,141254
Cyprus,Cyprus.htm,58594
Czechia,Czech.htm,186541
Denmark,Denmark.htm,132749
Estonia,Estonia.htm,61712
Finland,Finland.htm,112005
France,France.htm,533449
Germany,Germany.htm,606355
Greece,Greece.htm,190207
Hungary,Hungary.htm,214144
Iceland,Iceland.htm,57195
Italy,Italy.htm,436420
Latvia,Latvia.htm,79438
Lithuania,Lithuania.htm,70887
Luxembourg,Luxembourg.htm,78932
Macedonia,Serbia.htm,158381
Moldova,Moldova.htm,62532
Montenegro,Montenegro.htm,59127
Netherlands,Netherlands.htm,250547
Norway,Norway.htm,135953
Poland,Poland.htm,192091
Portugal,Portugal.htm,157223
Romania,Romania.htm,167888
Russia,Russia.htm,209285
Serbia,Serbia.htm,158381
Slovakia,Slovakia.htm,97892
Slovenia,Slovenia.htm,91799
Spain,Spain.htm,348352
Sweden,Sweden.htm,140534
Switzerland,Switzerland.htm,374036
Turkey,Turkey.htm,239464
Ukraine,Ukraine.htm,133098
Armenia,Caucasus.htm,87457
Azerbaijan,Caucasus.htm,87457
Bangladesh,Bangladesh.htm,76698
Myanmar,Burma.htm,281133
Cambodia,Cambodia.htm,179554
China,China.htm,324321
Georgia,Caucasus.htm,87457
India,India.htm,218301
Indonesia,Indonesia.htm,222796
Iran,Iran.htm,71480
Israel,Israel.htm,70859
Japan,Japan.htm,154716
Jordan,Jordan.htm,80446
Kazakhstan,SilkRoute.htm,85690
Laos,Laos.htm,100758
Malaysia,Malaysia.htm,352945
Nepal,Nepal.htm,54076
North Korea,NorthKorea.htm,47103
Pakistan,Pakistan.htm,85482
Philippines,Philippines.htm,55808
South Korea,SouthKorea.htm,60808
Sri Lanka,SriLanka.htm,248390
Syria,Syria.htm,106360
Taiwan,Taiwan.htm,82423
Thailand,Thailand.htm,351847
Uzbekistan,Uzbekistan.htm,58992
Vietnam,Vietnam.htm,327479
Algeria,Algeria.htm,34576
Botswana,Botswana.htm,54662
Cameroon,Cameroon.htm,63746
Egypt,Egypt.htm,231024
Ethiopia,Ethiopia.htm,72690
Gabon,Gabon.htm,56302
Kenya,Kenya.htm,101684
Mali,Senegal.htm,66009
Morocco,Morocco.htm,155193
Mozambique,Mozambique.htm,75463
Namibia,Namibia.htm,68970
Senegal,Senegal.htm,66009
South Africa,SouthAfrica.htm,216772
Sudan,Sudan.htm,64447
Tanzania,Zambia.htm,143653
Tunisia,Tunisia.htm,51591
Zambia,Zambia.htm,143653
Zimbabwe,Zimbabwe.htm,109761
Canada,Canada.htm,178218
Cuba,Cuba.htm,103238
Peru,Peru.htm,94149
United States of America,UnitedStates.htm,211294
Australia,Australia.htm,178743
New Zealand,NewZealand.htm,119029
